frame_number,frame_timestamp,x,y,w,h,area,classifier_name
0,0,138,288,24,24,576.0,bird
0,0,1638,288,24,24,576.0,bird
0,0,138,888,24,24,576.0,bird
1,100,144,288,24,24,576.0,bird
1,100,1632,288,24,24,576.0,bird
1,100,178,888,24,24,576.0,bird
2,200,150,288,24,24,576.0,bird
2,200,1626,288,24,24,576.0,bird
2,200,218,888,24,24,576.0,bird
3,300,156,288,24,24,576.0,bird
3,300,1620,288,24,24,576.0,bird
3,300,258,888,24,24,576.0,bird
4,400,162,288,24,24,576.0,bird
4,400,1614,288,24,24,576.0,bird
4,400,298,888,24,24,576.0,bird
5,500,168,288,24,24,576.0,bird
5,500,1608,288,24,24,576.0,bird
6,600,174,288,24,24,576.0,bird
6,600,1602,288,24,24,576.0,bird
7,700,180,288,24,24,576.0,bird
7,700,1596,288,24,24,576.0,bird
8,800,186,288,24,24,576.0,bird
8,800,1590,288,24,24,576.0,bird
8,800,458,888,24,24,576.0,bird
9,900,192,288,24,24,576.0,bird
9,900,1584,288,24,24,576.0,bird
9,900,498,888,24,24,576.0,bird
10,1000,198,288,24,24,576.0,bird
10,1000,1578,288,24,24,576.0,bird
10,1000,538,888,24,24,576.0,bird
11,1100,204,288,24,24,576.0,bird
11,1100,1572,288,24,24,576.0,bird
11,1100,578,888,24,24,576.0,bird
12,1200,210,288,24,24,576.0,bird
12,1200,1566,288,24,24,576.0,bird
12,1200,618,888,24,24,576.0,bird
13,1300,216,288,24,24,576.0,bird
13,1300,1560,288,24,24,576.0,bird
13,1300,658,888,24,24,576.0,bird
14,1400,222,288,24,24,576.0,bird
14,1400,1554,288,24,24,576.0,bird
14,1400,698,888,24,24,576.0,bird
15,1500,228,288,24,24,576.0,bird
15,1500,1548,288,24,24,576.0,bird
15,1500,738,888,24,24,576.0,bird
16,1600,234,288,24,24,576.0,bird
16,1600,1542,288,24,24,576.0,bird
16,1600,778,888,24,24,576.0,bird
17,1700,240,288,24,24,576.0,bird
17,1700,1536,288,24,24,576.0,bird
17,1700,818,888,24,24,576.0,bird
18,1800,246,288,24,24,576.0,bird
18,1800,1530,288,24,24,576.0,bird
18,1800,858,888,24,24,576.0,bird
19,1900,252,288,24,24,576.0,bird
19,1900,1524,288,24,24,576.0,bird
19,1900,898,888,24,24,576.0,bird
20,2000,258,288,24,24,576.0,bird
20,2000,1518,288,24,24,576.0,bird
20,2000,938,888,24,24,576.0,bird
21,2100,264,288,24,24,576.0,bird
21,2100,1512,288,24,24,576.0,bird
21,2100,978,888,24,24,576.0,bird
22,2200,270,288,24,24,576.0,bird
22,2200,1506,288,24,24,576.0,bird
22,2200,1018,888,24,24,576.0,bird
23,2300,276,288,24,24,576.0,bird
23,2300,1500,288,24,24,576.0,bird
23,2300,1058,888,24,24,576.0,bird
24,2400,282,288,24,24,576.0,bird
24,2400,1494,288,24,24,576.0,bird
24,2400,1098,888,24,24,576.0,bird
25,2500,288,288,24,24,576.0,bird
25,2500,1488,288,24,24,576.0,bird
25,2500,1138,888,24,24,576.0,bird
26,2600,294,288,24,24,576.0,bird
26,2600,1482,288,24,24,576.0,bird
26,2600,1178,888,24,24,576.0,bird
27,2700,300,288,24,24,576.0,bird
27,2700,1476,288,24,24,576.0,bird
27,2700,1218,888,24,24,576.0,bird
28,2800,306,288,24,24,576.0,bird
28,2800,1470,288,24,24,576.0,bird
28,2800,1258,888,24,24,576.0,bird
29,2900,312,288,24,24,576.0,bird
29,2900,1464,288,24,24,576.0,bird
29,2900,1298,888,24,24,576.0,bird
30,3000,318,288,24,24,576.0,bird
30,3000,1458,288,24,24,576.0,bird
30,3000,1338,888,24,24,576.0,bird
31,3100,324,288,24,24,576.0,bird
31,3100,1452,288,24,24,576.0,bird
31,3100,1378,888,24,24,576.0,bird
32,3200,330,288,24,24,576.0,bird
32,3200,1446,288,24,24,576.0,bird
32,3200,1418,888,24,24,576.0,bird
33,3300,336,288,24,24,576.0,bird
33,3300,1440,288,24,24,576.0,bird
33,3300,1458,888,24,24,576.0,bird
34,3400,342,288,24,24,576.0,bird
34,3400,1434,288,24,24,576.0,bird
34,3400,1498,888,24,24,576.0,bird
35,3500,348,288,24,24,576.0,bird
35,3500,1428,288,24,24,576.0,bird
35,3500,1538,888,24,24,576.0,bird
36,3600,354,288,24,24,576.0,bird
36,3600,1422,288,24,24,576.0,bird
36,3600,1578,888,24,24,576.0,bird
37,3700,360,288,24,24,576.0,bird
37,3700,1416,288,24,24,576.0,bird
37,3700,1618,888,24,24,576.0,bird
38,3800,366,288,24,24,576.0,bird
38,3800,1410,288,24,24,576.0,bird
38,3800,1658,888,24,24,576.0,bird
39,3900,372,288,24,24,576.0,bird
39,3900,1404,288,24,24,576.0,bird
39,3900,1698,888,24,24,576.0,bird
40,4000,378,288,24,24,576.0,bird
40,4000,1398,288,24,24,576.0,bird
40,4000,1738,888,24,24,576.0,bird
41,4100,384,288,24,24,576.0,bird
41,4100,1392,288,24,24,576.0,bird
41,4100,1778,888,24,24,576.0,bird
42,4200,390,288,24,24,576.0,bird
42,4200,1386,288,24,24,576.0,bird
42,4200,1818,888,24,24,576.0,bird
43,4300,396,288,24,24,576.0,bird
43,4300,1380,288,24,24,576.0,bird
43,4300,1858,888,24,24,576.0,bird
44,4400,402,288,24,24,576.0,bird
44,4400,1374,288,24,24,576.0,bird
44,4400,1898,888,24,24,576.0,bird
45,4500,408,288,24,24,576.0,bird
45,4500,1368,288,24,24,576.0,bird
46,4600,414,288,24,24,576.0,bird
46,4600,1362,288,24,24,576.0,bird
47,4700,420,288,24,24,576.0,bird
47,4700,1356,288,24,24,576.0,bird
48,4800,426,288,24,24,576.0,bird
48,4800,1350,288,24,24,576.0,bird
49,4900,432,288,24,24,576.0,bird
49,4900,1344,288,24,24,576.0,bird
50,5000,438,288,24,24,576.0,bird
50,5000,1338,288,24,24,576.0,bird
51,5100,444,288,24,24,576.0,bird
51,5100,1332,288,24,24,576.0,bird
52,5200,450,288,24,24,576.0,bird
52,5200,1326,288,24,24,576.0,bird
53,5300,456,288,24,24,576.0,bird
53,5300,1320,288,24,24,576.0,bird
54,5400,462,288,24,24,576.0,bird
54,5400,1314,288,24,24,576.0,bird
55,5500,468,288,24,24,576.0,bird
55,5500,1308,288,24,24,576.0,bird
56,5600,474,288,24,24,576.0,bird
56,5600,1302,288,24,24,576.0,bird
57,5700,480,288,24,24,576.0,bird
57,5700,1296,288,24,24,576.0,bird
58,5800,486,288,24,24,576.0,bird
58,5800,1290,288,24,24,576.0,bird
59,5900,492,288,24,24,576.0,bird
59,5900,1284,288,24,24,576.0,bird
60,6000,498,288,24,24,576.0,bird
60,6000,1278,288,24,24,576.0,bird
61,6100,504,288,24,24,576.0,bird
61,6100,1272,288,24,24,576.0,bird
62,6200,510,288,24,24,576.0,bird
62,6200,1266,288,24,24,576.0,bird
63,6300,516,288,24,24,576.0,bird
63,6300,1260,288,24,24,576.0,bird
64,6400,522,288,24,24,576.0,bird
64,6400,1254,288,24,24,576.0,bird
65,6500,528,288,24,24,576.0,bird
65,6500,1248,288,24,24,576.0,bird
66,6600,534,288,24,24,576.0,bird
66,6600,1242,288,24,24,576.0,bird
67,6700,540,288,24,24,576.0,bird
67,6700,1236,288,24,24,576.0,bird
68,6800,546,288,24,24,576.0,bird
68,6800,1230,288,24,24,576.0,bird
69,6900,552,288,24,24,576.0,bird
69,6900,1224,288,24,24,576.0,bird
70,7000,558,288,24,24,576.0,bird
70,7000,1218,288,24,24,576.0,bird
71,7100,564,288,24,24,576.0,bird
71,7100,1212,288,24,24,576.0,bird
72,7200,570,288,24,24,576.0,bird
72,7200,1206,288,24,24,576.0,bird
73,7300,576,288,24,24,576.0,bird
73,7300,1200,288,24,24,576.0,bird
74,7400,582,288,24,24,576.0,bird
74,7400,1194,288,24,24,576.0,bird
75,7500,588,288,24,24,576.0,bird
75,7500,1188,288,24,24,576.0,bird
76,7600,594,288,24,24,576.0,bird
76,7600,1182,288,24,24,576.0,bird
77,7700,600,288,24,24,576.0,bird
77,7700,1176,288,24,24,576.0,bird
78,7800,606,288,24,24,576.0,bird
78,7800,1170,288,24,24,576.0,bird
79,7900,612,288,24,24,576.0,bird
79,7900,1164,288,24,24,576.0,bird
80,8000,618,288,24,24,576.0,bird
80,8000,1158,288,24,24,576.0,bird
81,8100,624,288,24,24,576.0,bird
81,8100,1152,288,24,24,576.0,bird
82,8200,630,288,24,24,576.0,bird
82,8200,1146,288,24,24,576.0,bird
83,8300,636,288,24,24,576.0,bird
83,8300,1140,288,24,24,576.0,bird
84,8400,642,288,24,24,576.0,bird
84,8400,1134,288,24,24,576.0,bird
85,8500,648,288,24,24,576.0,bird
85,8500,1128,288,24,24,576.0,bird
86,8600,654,288,24,24,576.0,bird
86,8600,1122,288,24,24,576.0,bird
87,8700,660,288,24,24,576.0,bird
87,8700,1116,288,24,24,576.0,bird
88,8800,666,288,24,24,576.0,bird
88,8800,1110,288,24,24,576.0,bird
89,8900,672,288,24,24,576.0,bird
89,8900,1104,288,24,24,576.0,bird
90,9000,678,288,24,24,576.0,bird
90,9000,1098,288,24,24,576.0,bird
91,9100,684,288,24,24,576.0,bird
91,9100,1092,288,24,24,576.0,bird
92,9200,690,288,24,24,576.0,bird
92,9200,1086,288,24,24,576.0,bird
93,9300,696,288,24,24,576.0,bird
93,9300,1080,288,24,24,576.0,bird
94,9400,702,288,24,24,576.0,bird
94,9400,1074,288,24,24,576.0,bird
95,9500,708,288,24,24,576.0,bird
95,9500,1068,288,24,24,576.0,bird
96,9600,714,288,24,24,576.0,bird
96,9600,1062,288,24,24,576.0,bird
97,9700,720,288,24,24,576.0,bird
97,9700,1056,288,24,24,576.0,bird
98,9800,726,288,24,24,576.0,bird
98,9800,1050,288,24,24,576.0,bird
99,9900,732,288,24,24,576.0,bird
99,9900,1044,288,24,24,576.0,bird
100,10000,738,288,24,24,576.0,bird
100,10000,1038,288,24,24,576.0,bird
101,10100,744,288,24,24,576.0,bird
101,10100,1032,288,24,24,576.0,bird
102,10200,750,288,24,24,576.0,bird
102,10200,1026,288,24,24,576.0,bird
103,10300,756,288,24,24,576.0,bird
103,10300,1020,288,24,24,576.0,bird
104,10400,762,288,24,24,576.0,bird
104,10400,1014,288,24,24,576.0,bird
105,10500,768,288,24,24,576.0,bird
105,10500,1008,288,24,24,576.0,bird
106,10600,774,288,24,24,576.0,bird
106,10600,1002,288,24,24,576.0,bird
107,10700,780,288,24,24,576.0,bird
107,10700,996,288,24,24,576.0,bird
108,10800,786,288,24,24,576.0,bird
108,10800,990,288,24,24,576.0,bird
109,10900,792,288,24,24,576.0,bird
109,10900,984,288,24,24,576.0,bird
110,11000,798,288,24,24,576.0,bird
110,11000,978,288,24,24,576.0,bird
111,11100,804,288,24,24,576.0,bird
111,11100,972,288,24,24,576.0,bird
112,11200,810,288,24,24,576.0,bird
112,11200,966,288,24,24,576.0,bird
113,11300,816,288,24,24,576.0,bird
113,11300,960,288,24,24,576.0,bird
114,11400,822,288,24,24,576.0,bird
114,11400,954,288,24,24,576.0,bird
115,11500,828,288,24,24,576.0,bird
115,11500,948,288,24,24,576.0,bird
116,11600,834,288,24,24,576.0,bird
116,11600,942,288,24,24,576.0,bird
117,11700,840,288,24,24,576.0,bird
117,11700,936,288,24,24,576.0,bird
118,11800,846,288,24,24,576.0,bird
118,11800,930,288,24,24,576.0,bird
119,11900,852,288,24,24,576.0,bird
119,11900,924,288,24,24,576.0,bird
120,12000,858,288,24,24,576.0,bird
120,12000,918,288,24,24,576.0,bird
121,12100,864,288,24,24,576.0,bird
121,12100,912,288,24,24,576.0,bird
122,12200,870,288,24,24,576.0,bird
122,12200,906,288,24,24,576.0,bird
123,12300,876,288,24,24,576.0,bird
123,12300,900,288,24,24,576.0,bird
124,12400,882,288,24,24,576.0,bird
124,12400,894,288,24,24,576.0,bird
125,12500,888,288,24,24,576.0,bird
125,12500,888,288,24,24,576.0,bird
126,12600,894,288,24,24,576.0,bird
126,12600,882,288,24,24,576.0,bird
127,12700,900,288,24,24,576.0,bird
127,12700,876,288,24,24,576.0,bird
128,12800,906,288,24,24,576.0,bird
128,12800,870,288,24,24,576.0,bird
129,12900,912,288,24,24,576.0,bird
129,12900,864,288,24,24,576.0,bird
130,13000,918,288,24,24,576.0,bird
130,13000,858,288,24,24,576.0,bird
131,13100,924,288,24,24,576.0,bird
131,13100,852,288,24,24,576.0,bird
132,13200,930,288,24,24,576.0,bird
132,13200,846,288,24,24,576.0,bird
133,13300,936,288,24,24,576.0,bird
133,13300,840,288,24,24,576.0,bird
134,13400,942,288,24,24,576.0,bird
134,13400,834,288,24,24,576.0,bird
135,13500,948,288,24,24,576.0,bird
135,13500,828,288,24,24,576.0,bird
136,13600,954,288,24,24,576.0,bird
136,13600,822,288,24,24,576.0,bird
137,13700,960,288,24,24,576.0,bird
137,13700,816,288,24,24,576.0,bird
138,13800,966,288,24,24,576.0,bird
138,13800,810,288,24,24,576.0,bird
139,13900,972,288,24,24,576.0,bird
139,13900,804,288,24,24,576.0,bird
140,14000,978,288,24,24,576.0,bird
140,14000,798,288,24,24,576.0,bird
141,14100,984,288,24,24,576.0,bird
141,14100,792,288,24,24,576.0,bird
142,14200,990,288,24,24,576.0,bird
142,14200,786,288,24,24,576.0,bird
143,14300,996,288,24,24,576.0,bird
143,14300,780,288,24,24,576.0,bird
144,14400,1002,288,24,24,576.0,bird
144,14400,774,288,24,24,576.0,bird
145,14500,1008,288,24,24,576.0,bird
145,14500,768,288,24,24,576.0,bird
146,14600,1014,288,24,24,576.0,bird
146,14600,762,288,24,24,576.0,bird
147,14700,1020,288,24,24,576.0,bird
147,14700,756,288,24,24,576.0,bird
148,14800,1026,288,24,24,576.0,bird
148,14800,750,288,24,24,576.0,bird
149,14900,1032,288,24,24,576.0,bird
149,14900,744,288,24,24,576.0,bird
