frame_number,obj_id,x1,y1,x2,y2,bbox_size,frame_timestamp
0,363,2064.0,2735.0,2160.0,2770.0,3360.0,2025-09-20 04:41:02.906046+00:00
1,363,2067.0,2718.0,2160.0,2754.0,3348.0,2025-09-20 04:41:02.946046+00:00
4,363,2083.0,2670.0,2160.0,2706.0,2772.0,2025-09-20 04:41:03.066046+00:00
13,363,2155.0,2527.0,2160.0,2533.0,30.0,2025-09-20 04:41:03.426046+00:00
20,353,416.0,0.0,481.0,66.0,4290.0,2025-09-20 04:41:03.706046+00:00
21,353,435.0,11.0,481.0,65.0,2484.0,2025-09-20 04:41:03.746046+00:00
22,353,406.0,19.0,457.0,40.0,1071.0,2025-09-20 04:41:03.786046+00:00
45,353,416.0,0.0,481.0,66.0,4290.0,2025-09-20 04:41:04.706046+00:00
46,353,417.0,0.0,481.0,66.0,4224.0,2025-09-20 04:41:04.746046+00:00
47,353,318.0,19.0,393.0,65.0,3450.0,2025-09-20 04:41:04.786046+00:00
53,372,0.0,3251.0,9.0,3261.0,90.0,2025-09-20 04:41:05.026046+00:00
54,372,6.0,3250.0,20.0,3261.0,154.0,2025-09-20 04:41:05.066046+00:00
55,372,16.0,3255.0,24.0,3260.0,40.0,2025-09-20 04:41:05.106046+00:00
56,372,24.0,3255.0,32.0,3261.0,48.0,2025-09-20 04:41:05.146046+00:00
57,372,32.0,3256.0,40.0,3262.0,48.0,2025-09-20 04:41:05.186046+00:00
58,372,33.0,3257.0,52.0,3265.0,152.0,2025-09-20 04:41:05.226046+00:00
59,372,42.0,3257.0,60.0,3265.0,144.0,2025-09-20 04:41:05.266046+00:00
60,372,54.0,3257.0,67.0,3264.0,91.0,2025-09-20 04:41:05.306046+00:00
61,372,63.0,3254.0,73.0,3263.0,90.0,2025-09-20 04:41:05.346046+00:00
62,372,68.0,3253.0,80.0,3264.0,132.0,2025-09-20 04:41:05.386046+00:00
63,372,79.0,3253.0,87.0,3264.0,88.0,2025-09-20 04:41:05.426046+00:00
64,372,87.0,3254.0,95.0,3264.0,80.0,2025-09-20 04:41:05.466046+00:00
65,372,94.0,3258.0,102.0,3264.0,48.0,2025-09-20 04:41:05.506046+00:00
66,372,97.0,3259.0,110.0,3266.0,91.0,2025-09-20 04:41:05.546046+00:00
67,372,106.0,3259.0,123.0,3268.0,153.0,2025-09-20 04:41:05.586046+00:00
68,372,114.0,3259.0,131.0,3266.0,119.0,2025-09-20 04:41:05.626046+00:00
69,372,127.0,3258.0,138.0,3264.0,66.0,2025-09-20 04:41:05.666046+00:00
70,353,417.0,0.0,481.0,66.0,4224.0,2025-09-20 04:41:05.706046+00:00
70,372,130.0,3254.0,143.0,3264.0,130.0,2025-09-20 04:41:05.706046+00:00
71,353,422.0,0.0,481.0,57.0,3363.0,2025-09-20 04:41:05.746046+00:00
71,372,138.0,3254.0,151.0,3264.0,130.0,2025-09-20 04:41:05.746046+00:00
72,372,146.0,3256.0,158.0,3265.0,108.0,2025-09-20 04:41:05.786046+00:00
73,372,159.0,3259.0,166.0,3265.0,42.0,2025-09-20 04:41:05.826046+00:00
74,372,163.0,3260.0,175.0,3265.0,60.0,2025-09-20 04:41:05.866046+00:00
75,372,170.0,3258.0,188.0,3268.0,180.0,2025-09-20 04:41:05.906046+00:00
76,372,178.0,3260.0,196.0,3269.0,162.0,2025-09-20 04:41:05.946046+00:00
77,372,191.0,3259.0,204.0,3265.0,78.0,2025-09-20 04:41:05.986046+00:00
78,372,199.0,3254.0,208.0,3264.0,90.0,2025-09-20 04:41:06.026046+00:00
79,372,206.0,3254.0,216.0,3264.0,100.0,2025-09-20 04:41:06.066046+00:00
80,372,215.0,3256.0,224.0,3265.0,81.0,2025-09-20 04:41:06.106046+00:00
81,372,223.0,3259.0,232.0,3265.0,54.0,2025-09-20 04:41:06.146046+00:00
82,372,232.0,3258.0,245.0,3265.0,91.0,2025-09-20 04:41:06.186046+00:00
83,372,237.0,3258.0,254.0,3268.0,170.0,2025-09-20 04:41:06.226046+00:00
84,372,244.0,3258.0,261.0,3268.0,170.0,2025-09-20 04:41:06.266046+00:00
85,372,254.0,3257.0,268.0,3265.0,112.0,2025-09-20 04:41:06.306046+00:00
86,372,262.0,3255.0,277.0,3264.0,135.0,2025-09-20 04:41:06.346046+00:00
87,372,270.0,3255.0,285.0,3265.0,150.0,2025-09-20 04:41:06.386046+00:00
88,372,278.0,3254.0,296.0,3265.0,198.0,2025-09-20 04:41:06.426046+00:00
89,372,287.0,3254.0,301.0,3263.0,126.0,2025-09-20 04:41:06.466046+00:00
90,372,299.0,3257.0,308.0,3263.0,54.0,2025-09-20 04:41:06.506046+00:00
91,372,303.0,3256.0,320.0,3265.0,153.0,2025-09-20 04:41:06.546046+00:00
92,372,311.0,3256.0,327.0,3264.0,128.0,2025-09-20 04:41:06.586046+00:00
93,372,323.0,3255.0,335.0,3263.0,96.0,2025-09-20 04:41:06.626046+00:00
94,372,332.0,3254.0,342.0,3260.0,60.0,2025-09-20 04:41:06.666046+00:00
95,353,417.0,0.0,481.0,66.0,4224.0,2025-09-20 04:41:06.706046+00:00
95,372,340.0,3252.0,349.0,3260.0,72.0,2025-09-20 04:41:06.706046+00:00
96,353,431.0,0.0,481.0,66.0,3300.0,2025-09-20 04:41:06.746046+00:00
96,372,348.0,3250.0,360.0,3260.0,120.0,2025-09-20 04:41:06.746046+00:00
97,372,356.0,3250.0,400.0,3260.0,440.0,2025-09-20 04:41:06.786046+00:00
98,372,365.0,3236.0,405.0,3260.0,960.0,2025-09-20 04:41:06.826046+00:00
99,372,371.0,3222.0,418.0,3260.0,1786.0,2025-09-20 04:41:06.866046+00:00
102,372,399.0,3251.0,410.0,3256.0,55.0,2025-09-20 04:41:06.986046+00:00
103,372,405.0,3248.0,415.0,3256.0,80.0,2025-09-20 04:41:07.026046+00:00
104,372,414.0,3247.0,427.0,3256.0,117.0,2025-09-20 04:41:07.066046+00:00
105,372,421.0,3246.0,437.0,3256.0,160.0,2025-09-20 04:41:07.106046+00:00
106,372,431.0,3251.0,440.0,3257.0,54.0,2025-09-20 04:41:07.146046+00:00
107,372,436.0,3250.0,452.0,3259.0,144.0,2025-09-20 04:41:07.186046+00:00
108,353,422.0,0.0,481.0,66.0,3894.0,2025-09-20 04:41:07.226046+00:00
108,372,446.0,3249.0,462.0,3260.0,176.0,2025-09-20 04:41:07.226046+00:00
109,353,318.0,19.0,393.0,65.0,3450.0,2025-09-20 04:41:07.266046+00:00
109,372,454.0,3248.0,471.0,3257.0,153.0,2025-09-20 04:41:07.266046+00:00
110,353,318.0,19.0,382.0,47.0,1792.0,2025-09-20 04:41:07.306046+00:00
110,372,463.0,3247.0,476.0,3256.0,117.0,2025-09-20 04:41:07.306046+00:00
111,353,296.0,19.0,360.0,52.0,2112.0,2025-09-20 04:41:07.346046+00:00
111,372,471.0,3245.0,483.0,3256.0,132.0,2025-09-20 04:41:07.346046+00:00
112,353,276.0,19.0,326.0,53.0,1700.0,2025-09-20 04:41:07.386046+00:00
112,372,477.0,3242.0,493.0,3252.0,160.0,2025-09-20 04:41:07.386046+00:00
113,353,236.0,19.0,298.0,53.0,2108.0,2025-09-20 04:41:07.426046+00:00
113,372,487.0,3243.0,501.0,3253.0,140.0,2025-09-20 04:41:07.426046+00:00
114,353,204.0,19.0,254.0,53.0,1700.0,2025-09-20 04:41:07.466046+00:00
114,372,494.0,3245.0,510.0,3252.0,112.0,2025-09-20 04:41:07.466046+00:00
115,353,158.0,19.0,222.0,53.0,2176.0,2025-09-20 04:41:07.506046+00:00
115,372,502.0,3246.0,516.0,3253.0,98.0,2025-09-20 04:41:07.506046+00:00
116,353,115.0,19.0,179.0,53.0,2176.0,2025-09-20 04:41:07.546046+00:00
116,372,508.0,3247.0,527.0,3256.0,171.0,2025-09-20 04:41:07.546046+00:00
117,353,77.0,19.0,127.0,52.0,1650.0,2025-09-20 04:41:07.586046+00:00
117,372,519.0,3246.0,537.0,3256.0,180.0,2025-09-20 04:41:07.586046+00:00
118,353,22.0,19.0,86.0,52.0,2112.0,2025-09-20 04:41:07.626046+00:00
118,372,531.0,3246.0,542.0,3254.0,88.0,2025-09-20 04:41:07.626046+00:00
119,372,539.0,3243.0,548.0,3251.0,72.0,2025-09-20 04:41:07.666046+00:00
120,372,542.0,3242.0,556.0,3251.0,126.0,2025-09-20 04:41:07.706046+00:00
121,372,551.0,3240.0,566.0,3252.0,180.0,2025-09-20 04:41:07.746046+00:00
121,381,2117.0,3142.0,2160.0,3169.0,1161.0,2025-09-20 04:41:07.746046+00:00
122,372,558.0,3242.0,576.0,3251.0,162.0,2025-09-20 04:41:07.786046+00:00
122,381,2110.0,3129.0,2150.0,3153.0,960.0,2025-09-20 04:41:07.786046+00:00
123,372,566.0,3245.0,580.0,3252.0,98.0,2025-09-20 04:41:07.826046+00:00
123,381,2099.0,3114.0,2143.0,3138.0,1056.0,2025-09-20 04:41:07.826046+00:00
124,372,566.0,3245.0,589.0,3253.0,184.0,2025-09-20 04:41:07.866046+00:00
125,372,582.0,3247.0,600.0,3257.0,180.0,2025-09-20 04:41:07.906046+00:00
126,372,591.0,3247.0,607.0,3257.0,160.0,2025-09-20 04:41:07.946046+00:00
126,381,2080.0,3054.0,2160.0,3089.0,2800.0,2025-09-20 04:41:07.946046+00:00
127,372,600.0,3247.0,615.0,3257.0,150.0,2025-09-20 04:41:07.986046+00:00
127,381,2077.0,3049.0,2120.0,3072.0,989.0,2025-09-20 04:41:07.986046+00:00
128,372,609.0,3245.0,622.0,3253.0,104.0,2025-09-20 04:41:08.026046+00:00
128,381,2072.0,3036.0,2110.0,3058.0,836.0,2025-09-20 04:41:08.026046+00:00
129,372,617.0,3244.0,628.0,3253.0,99.0,2025-09-20 04:41:08.066046+00:00
129,381,2067.0,3006.0,2160.0,3041.0,3255.0,2025-09-20 04:41:08.066046+00:00
130,372,624.0,3244.0,636.0,3254.0,120.0,2025-09-20 04:41:08.106046+00:00
130,381,2063.0,2988.0,2160.0,3021.0,3201.0,2025-09-20 04:41:08.106046+00:00
131,372,633.0,3246.0,644.0,3254.0,88.0,2025-09-20 04:41:08.146046+00:00
131,381,2059.0,2975.0,2160.0,3003.0,2828.0,2025-09-20 04:41:08.146046+00:00
132,372,642.0,3249.0,653.0,3255.0,66.0,2025-09-20 04:41:08.186046+00:00
132,381,2054.0,2959.0,2160.0,2989.0,3180.0,2025-09-20 04:41:08.186046+00:00
133,372,646.0,3249.0,664.0,3256.0,126.0,2025-09-20 04:41:08.226046+00:00
133,381,2053.0,2945.0,2160.0,2969.0,2568.0,2025-09-20 04:41:08.226046+00:00
134,372,657.0,3250.0,672.0,3261.0,165.0,2025-09-20 04:41:08.266046+00:00
134,381,2051.0,2929.0,2160.0,2951.0,2398.0,2025-09-20 04:41:08.266046+00:00
135,372,668.0,3249.0,680.0,3260.0,132.0,2025-09-20 04:41:08.306046+00:00
135,381,2050.0,2921.0,2107.0,2937.0,912.0,2025-09-20 04:41:08.306046+00:00
136,372,676.0,3247.0,688.0,3257.0,120.0,2025-09-20 04:41:08.346046+00:00
136,381,2048.0,2900.0,2160.0,2920.0,2240.0,2025-09-20 04:41:08.346046+00:00
137,372,682.0,3246.0,694.0,3255.0,108.0,2025-09-20 04:41:08.386046+00:00
137,381,2046.0,2884.0,2160.0,2906.0,2508.0,2025-09-20 04:41:08.386046+00:00
138,372,689.0,3241.0,738.0,3255.0,686.0,2025-09-20 04:41:08.426046+00:00
138,381,2047.0,2870.0,2101.0,2886.0,864.0,2025-09-20 04:41:08.426046+00:00
139,381,2048.0,2856.0,2086.0,2865.0,342.0,2025-09-20 04:41:08.466046+00:00
140,381,2048.0,2835.0,2160.0,2857.0,2464.0,2025-09-20 04:41:08.506046+00:00
141,381,2051.0,2818.0,2160.0,2842.0,2616.0,2025-09-20 04:41:08.546046+00:00
142,381,2052.0,2800.0,2160.0,2827.0,2916.0,2025-09-20 04:41:08.586046+00:00
143,381,2055.0,2782.0,2160.0,2812.0,3150.0,2025-09-20 04:41:08.626046+00:00
144,381,2056.0,2766.0,2160.0,2794.0,2912.0,2025-09-20 04:41:08.666046+00:00
145,381,2060.0,2751.0,2160.0,2782.0,3100.0,2025-09-20 04:41:08.706046+00:00
146,381,2064.0,2733.0,2160.0,2764.0,2976.0,2025-09-20 04:41:08.746046+00:00
147,372,737.0,3212.0,784.0,3290.0,3666.0,2025-09-20 04:41:08.786046+00:00
147,381,2069.0,2714.0,2160.0,2747.0,3003.0,2025-09-20 04:41:08.786046+00:00
148,372,738.0,3215.0,789.0,3291.0,3876.0,2025-09-20 04:41:08.826046+00:00
148,381,2072.0,2697.0,2160.0,2732.0,3080.0,2025-09-20 04:41:08.826046+00:00
149,372,758.0,3217.0,802.0,3292.0,3300.0,2025-09-20 04:41:08.866046+00:00
150,372,765.0,3220.0,811.0,3296.0,3496.0,2025-09-20 04:41:08.906046+00:00
150,381,2083.0,2665.0,2160.0,2699.0,2618.0,2025-09-20 04:41:08.906046+00:00
151,372,765.0,3221.0,820.0,3296.0,4125.0,2025-09-20 04:41:08.946046+00:00
152,372,815.0,3253.0,828.0,3262.0,117.0,2025-09-20 04:41:08.986046+00:00
153,372,824.0,3250.0,836.0,3261.0,132.0,2025-09-20 04:41:09.026046+00:00
154,372,832.0,3247.0,844.0,3259.0,144.0,2025-09-20 04:41:09.066046+00:00
155,372,841.0,3248.0,853.0,3259.0,132.0,2025-09-20 04:41:09.106046+00:00
156,372,850.0,3249.0,862.0,3260.0,132.0,2025-09-20 04:41:09.146046+00:00
157,372,864.0,3255.0,871.0,3260.0,35.0,2025-09-20 04:41:09.186046+00:00
158,372,869.0,3256.0,884.0,3265.0,135.0,2025-09-20 04:41:09.226046+00:00
159,372,880.0,3256.0,893.0,3268.0,156.0,2025-09-20 04:41:09.266046+00:00
159,381,2157.0,2523.0,2160.0,2528.0,15.0,2025-09-20 04:41:09.266046+00:00
160,372,892.0,3254.0,905.0,3266.0,156.0,2025-09-20 04:41:09.306046+00:00
160,381,2152.0,2506.0,2155.0,2509.0,9.0,2025-09-20 04:41:09.306046+00:00
161,372,901.0,3251.0,911.0,3261.0,100.0,2025-09-20 04:41:09.346046+00:00
161,381,2154.0,2489.0,2157.0,2492.0,9.0,2025-09-20 04:41:09.346046+00:00
162,372,907.0,3250.0,919.0,3261.0,132.0,2025-09-20 04:41:09.386046+00:00
162,381,2154.0,2472.0,2157.0,2475.0,9.0,2025-09-20 04:41:09.386046+00:00
163,372,918.0,3251.0,932.0,3262.0,154.0,2025-09-20 04:41:09.426046+00:00
164,372,927.0,3251.0,942.0,3263.0,180.0,2025-09-20 04:41:09.466046+00:00
165,372,939.0,3255.0,951.0,3263.0,96.0,2025-09-20 04:41:09.506046+00:00
165,381,2154.0,2421.0,2157.0,2424.0,9.0,2025-09-20 04:41:09.506046+00:00
166,372,948.0,3257.0,960.0,3264.0,84.0,2025-09-20 04:41:09.546046+00:00
166,381,2152.0,2404.0,2155.0,2407.0,9.0,2025-09-20 04:41:09.546046+00:00
167,372,958.0,3257.0,970.0,3267.0,120.0,2025-09-20 04:41:09.586046+00:00
167,381,2151.0,2387.0,2154.0,2390.0,9.0,2025-09-20 04:41:09.586046+00:00
168,372,967.0,3256.0,979.0,3265.0,108.0,2025-09-20 04:41:09.626046+00:00
168,381,2149.0,2370.0,2152.0,2373.0,9.0,2025-09-20 04:41:09.626046+00:00
169,372,979.0,3254.0,987.0,3261.0,56.0,2025-09-20 04:41:09.666046+00:00
170,372,986.0,3250.0,999.0,3261.0,143.0,2025-09-20 04:41:09.706046+00:00
171,372,996.0,3250.0,1008.0,3261.0,132.0,2025-09-20 04:41:09.746046+00:00
172,372,1009.0,3254.0,1020.0,3260.0,66.0,2025-09-20 04:41:09.786046+00:00
173,372,1019.0,3255.0,1030.0,3261.0,66.0,2025-09-20 04:41:09.826046+00:00
174,372,1027.0,3254.0,1041.0,3262.0,112.0,2025-09-20 04:41:09.866046+00:00
175,372,1036.0,3254.0,1050.0,3264.0,140.0,2025-09-20 04:41:09.906046+00:00
176,372,1046.0,3253.0,1058.0,3261.0,96.0,2025-09-20 04:41:09.946046+00:00
177,372,1055.0,3249.0,1067.0,3257.0,96.0,2025-09-20 04:41:09.986046+00:00
178,372,1063.0,3215.0,1095.0,3256.0,1312.0,2025-09-20 04:41:10.026046+00:00
182,372,1065.0,3248.0,1121.0,3265.0,952.0,2025-09-20 04:41:10.186046+00:00
183,372,1058.0,3247.0,1122.0,3270.0,1472.0,2025-09-20 04:41:10.226046+00:00
184,372,1127.0,3244.0,1136.0,3255.0,99.0,2025-09-20 04:41:10.266046+00:00
185,372,1136.0,3240.0,1146.0,3249.0,90.0,2025-09-20 04:41:10.306046+00:00
186,372,1144.0,3237.0,1156.0,3247.0,120.0,2025-09-20 04:41:10.346046+00:00
187,372,1153.0,3235.0,1166.0,3247.0,156.0,2025-09-20 04:41:10.386046+00:00
188,372,1164.0,3236.0,1175.0,3246.0,110.0,2025-09-20 04:41:10.426046+00:00
189,372,1176.0,3240.0,1188.0,3247.0,84.0,2025-09-20 04:41:10.466046+00:00
190,372,1185.0,3238.0,1197.0,3248.0,120.0,2025-09-20 04:41:10.506046+00:00
191,372,1195.0,3238.0,1206.0,3248.0,110.0,2025-09-20 04:41:10.546046+00:00
191,390,2143.0,3199.0,2160.0,3213.0,238.0,2025-09-20 04:41:10.546046+00:00
192,372,1205.0,3236.0,1217.0,3246.0,120.0,2025-09-20 04:41:10.586046+00:00
192,390,2134.0,3179.0,2160.0,3198.0,494.0,2025-09-20 04:41:10.586046+00:00
193,372,1216.0,3233.0,1223.0,3240.0,49.0,2025-09-20 04:41:10.626046+00:00
193,390,2124.0,3158.0,2160.0,3187.0,1044.0,2025-09-20 04:41:10.626046+00:00
194,372,1223.0,3229.0,1232.0,3239.0,90.0,2025-09-20 04:41:10.666046+00:00
194,390,2116.0,3143.0,2156.0,3168.0,1000.0,2025-09-20 04:41:10.666046+00:00
195,372,1232.0,3227.0,1245.0,3241.0,182.0,2025-09-20 04:41:10.706046+00:00
196,372,1243.0,3228.0,1256.0,3241.0,169.0,2025-09-20 04:41:10.746046+00:00
197,372,1255.0,3231.0,1262.0,3239.0,56.0,2025-09-20 04:41:10.786046+00:00
198,372,1264.0,3232.0,1275.0,3239.0,77.0,2025-09-20 04:41:10.826046+00:00
199,372,1274.0,3231.0,1285.0,3240.0,99.0,2025-09-20 04:41:10.866046+00:00
200,372,1283.0,3231.0,1294.0,3239.0,88.0,2025-09-20 04:41:10.906046+00:00
200,390,2076.0,3036.0,2160.0,3073.0,3108.0,2025-09-20 04:41:10.906046+00:00
201,372,1295.0,3228.0,1304.0,3235.0,63.0,2025-09-20 04:41:10.946046+00:00
201,390,2071.0,3018.0,2160.0,3054.0,3204.0,2025-09-20 04:41:10.946046+00:00
202,372,1303.0,3224.0,1312.0,3234.0,90.0,2025-09-20 04:41:10.986046+00:00
202,390,2067.0,3005.0,2160.0,3037.0,2976.0,2025-09-20 04:41:10.986046+00:00
203,372,1310.0,3221.0,1323.0,3232.0,143.0,2025-09-20 04:41:11.026046+00:00
203,390,2063.0,2988.0,2160.0,3020.0,3104.0,2025-09-20 04:41:11.026046+00:00
204,372,1320.0,3221.0,1333.0,3232.0,143.0,2025-09-20 04:41:11.066046+00:00
204,390,2059.0,2974.0,2160.0,3002.0,2828.0,2025-09-20 04:41:11.066046+00:00
205,372,1330.0,3222.0,1342.0,3232.0,120.0,2025-09-20 04:41:11.106046+00:00
205,390,2056.0,2959.0,2160.0,2985.0,2704.0,2025-09-20 04:41:11.106046+00:00
206,372,1343.0,3223.0,1353.0,3232.0,90.0,2025-09-20 04:41:11.146046+00:00
206,390,2053.0,2944.0,2160.0,2969.0,2675.0,2025-09-20 04:41:11.146046+00:00
207,372,1352.0,3224.0,1364.0,3236.0,144.0,2025-09-20 04:41:11.186046+00:00
207,390,2050.0,2928.0,2160.0,2954.0,2860.0,2025-09-20 04:41:11.186046+00:00
208,372,1363.0,3225.0,1372.0,3236.0,99.0,2025-09-20 04:41:11.226046+00:00
208,390,2047.0,2910.0,2160.0,2933.0,2599.0,2025-09-20 04:41:11.226046+00:00
209,372,1373.0,3224.0,1382.0,3232.0,72.0,2025-09-20 04:41:11.266046+00:00
209,390,2048.0,2899.0,2160.0,2919.0,2240.0,2025-09-20 04:41:11.266046+00:00
210,372,1379.0,3220.0,1390.0,3229.0,99.0,2025-09-20 04:41:11.306046+00:00
210,390,2048.0,2887.0,2103.0,2904.0,935.0,2025-09-20 04:41:11.306046+00:00
211,372,1392.0,3219.0,1400.0,3228.0,72.0,2025-09-20 04:41:11.346046+00:00
211,390,2047.0,2869.0,2160.0,2888.0,2147.0,2025-09-20 04:41:11.346046+00:00
212,372,1399.0,3216.0,1410.0,3228.0,132.0,2025-09-20 04:41:11.386046+00:00
212,390,2049.0,2850.0,2160.0,2872.0,2442.0,2025-09-20 04:41:11.386046+00:00
213,372,1412.0,3218.0,1423.0,3228.0,110.0,2025-09-20 04:41:11.426046+00:00
213,390,2050.0,2834.0,2160.0,2856.0,2420.0,2025-09-20 04:41:11.426046+00:00
214,372,1423.0,3221.0,1432.0,3229.0,72.0,2025-09-20 04:41:11.466046+00:00
214,390,2050.0,2817.0,2160.0,2837.0,2200.0,2025-09-20 04:41:11.466046+00:00
215,372,1433.0,3223.0,1444.0,3232.0,99.0,2025-09-20 04:41:11.506046+00:00
215,390,2052.0,2802.0,2160.0,2825.0,2484.0,2025-09-20 04:41:11.506046+00:00
216,372,1441.0,3222.0,1451.0,3232.0,100.0,2025-09-20 04:41:11.546046+00:00
216,390,2055.0,2783.0,2160.0,2807.0,2520.0,2025-09-20 04:41:11.546046+00:00
217,372,1450.0,3221.0,1460.0,3232.0,110.0,2025-09-20 04:41:11.586046+00:00
217,390,2058.0,2766.0,2160.0,2793.0,2754.0,2025-09-20 04:41:11.586046+00:00
218,372,1461.0,3221.0,1470.0,3227.0,54.0,2025-09-20 04:41:11.626046+00:00
218,390,2062.0,2751.0,2160.0,2778.0,2646.0,2025-09-20 04:41:11.626046+00:00
219,372,1472.0,3215.0,1479.0,3226.0,77.0,2025-09-20 04:41:11.666046+00:00
219,390,2065.0,2730.0,2160.0,2762.0,3040.0,2025-09-20 04:41:11.666046+00:00
220,372,1480.0,3215.0,1488.0,3226.0,88.0,2025-09-20 04:41:11.706046+00:00
220,390,2069.0,2715.0,2160.0,2747.0,2912.0,2025-09-20 04:41:11.706046+00:00
221,372,1489.0,3215.0,1499.0,3226.0,110.0,2025-09-20 04:41:11.746046+00:00
221,390,2075.0,2698.0,2160.0,2731.0,2805.0,2025-09-20 04:41:11.746046+00:00
222,372,1498.0,3219.0,1509.0,3227.0,88.0,2025-09-20 04:41:11.786046+00:00
222,390,2079.0,2680.0,2160.0,2715.0,2835.0,2025-09-20 04:41:11.786046+00:00
223,372,1511.0,3222.0,1518.0,3226.0,28.0,2025-09-20 04:41:11.826046+00:00
224,372,1521.0,3222.0,1529.0,3228.0,48.0,2025-09-20 04:41:11.866046+00:00
225,372,1531.0,3223.0,1539.0,3232.0,72.0,2025-09-20 04:41:11.906046+00:00
226,372,1540.0,3222.0,1547.0,3230.0,56.0,2025-09-20 04:41:11.946046+00:00
227,372,1551.0,3221.0,1558.0,3227.0,42.0,2025-09-20 04:41:11.986046+00:00
228,372,1560.0,3219.0,1567.0,3227.0,56.0,2025-09-20 04:41:12.026046+00:00
229,372,1570.0,3219.0,1577.0,3228.0,63.0,2025-09-20 04:41:12.066046+00:00
230,372,1580.0,3218.0,1589.0,3228.0,90.0,2025-09-20 04:41:12.106046+00:00
231,372,1590.0,3223.0,1597.0,3229.0,42.0,2025-09-20 04:41:12.146046+00:00
232,372,1598.0,3224.0,1608.0,3232.0,80.0,2025-09-20 04:41:12.186046+00:00
233,372,1610.0,3225.0,1617.0,3235.0,70.0,2025-09-20 04:41:12.226046+00:00
234,372,1619.0,3225.0,1628.0,3235.0,90.0,2025-09-20 04:41:12.266046+00:00
235,372,1629.0,3224.0,1637.0,3232.0,64.0,2025-09-20 04:41:12.306046+00:00
236,372,1639.0,3221.0,1646.0,3233.0,84.0,2025-09-20 04:41:12.346046+00:00
237,372,1649.0,3219.0,1656.0,3230.0,77.0,2025-09-20 04:41:12.386046+00:00
238,372,1659.0,3219.0,1667.0,3231.0,96.0,2025-09-20 04:41:12.426046+00:00
239,372,1667.0,3224.0,1677.0,3232.0,80.0,2025-09-20 04:41:12.466046+00:00
240,372,1678.0,3226.0,1686.0,3236.0,80.0,2025-09-20 04:41:12.506046+00:00
241,372,1688.0,3227.0,1697.0,3237.0,90.0,2025-09-20 04:41:12.546046+00:00
242,372,1695.0,3227.0,1708.0,3237.0,130.0,2025-09-20 04:41:12.586046+00:00
243,372,1707.0,3226.0,1716.0,3233.0,63.0,2025-09-20 04:41:12.626046+00:00
244,372,1718.0,3226.0,1725.0,3232.0,42.0,2025-09-20 04:41:12.666046+00:00
245,372,1728.0,3222.0,1735.0,3232.0,70.0,2025-09-20 04:41:12.707046+00:00
246,372,1738.0,3223.0,1746.0,3233.0,80.0,2025-09-20 04:41:12.747046+00:00
247,372,1748.0,3224.0,1756.0,3235.0,88.0,2025-09-20 04:41:12.787046+00:00
248,372,1756.0,3227.0,1765.0,3238.0,99.0,2025-09-20 04:41:12.827046+00:00
249,372,1767.0,3228.0,1777.0,3238.0,100.0,2025-09-20 04:41:12.867046+00:00
250,372,1776.0,3229.0,1785.0,3239.0,90.0,2025-09-20 04:41:12.907046+00:00
251,372,1785.0,3229.0,1794.0,3238.0,81.0,2025-09-20 04:41:12.947046+00:00
252,372,1796.0,3227.0,1803.0,3237.0,70.0,2025-09-20 04:41:12.987046+00:00
253,372,1803.0,3223.0,1815.0,3237.0,168.0,2025-09-20 04:41:13.027046+00:00
254,372,1813.0,3222.0,1823.0,3234.0,120.0,2025-09-20 04:41:13.067046+00:00
255,372,1822.0,3224.0,1834.0,3234.0,120.0,2025-09-20 04:41:13.107046+00:00
256,372,1833.0,3224.0,1844.0,3235.0,121.0,2025-09-20 04:41:13.147046+00:00
257,372,1843.0,3229.0,1852.0,3239.0,90.0,2025-09-20 04:41:13.187046+00:00
258,372,1852.0,3228.0,1861.0,3239.0,99.0,2025-09-20 04:41:13.227046+00:00
259,372,1861.0,3226.0,1870.0,3235.0,81.0,2025-09-20 04:41:13.267046+00:00
260,372,1871.0,3223.0,1879.0,3231.0,64.0,2025-09-20 04:41:13.307046+00:00
261,372,1881.0,3219.0,1888.0,3230.0,77.0,2025-09-20 04:41:13.347046+00:00
262,372,1890.0,3217.0,1898.0,3230.0,104.0,2025-09-20 04:41:13.387046+00:00
263,372,1900.0,3218.0,1909.0,3230.0,108.0,2025-09-20 04:41:13.427046+00:00
264,372,1907.0,3221.0,1918.0,3232.0,121.0,2025-09-20 04:41:13.467046+00:00
265,372,1916.0,3223.0,1925.0,3234.0,99.0,2025-09-20 04:41:13.507046+00:00
266,372,1924.0,3221.0,1935.0,3235.0,154.0,2025-09-20 04:41:13.547046+00:00
267,372,1933.0,3220.0,1943.0,3232.0,120.0,2025-09-20 04:41:13.587046+00:00
268,372,1942.0,3219.0,1952.0,3229.0,100.0,2025-09-20 04:41:13.627046+00:00
269,372,1951.0,3214.0,1960.0,3224.0,90.0,2025-09-20 04:41:13.667046+00:00
270,372,1960.0,3211.0,1969.0,3223.0,108.0,2025-09-20 04:41:13.707046+00:00
271,372,1969.0,3211.0,1980.0,3223.0,132.0,2025-09-20 04:41:13.747046+00:00
272,372,1977.0,3216.0,1986.0,3224.0,72.0,2025-09-20 04:41:13.787046+00:00
273,372,1982.0,3216.0,1998.0,3227.0,176.0,2025-09-20 04:41:13.827046+00:00
274,372,1991.0,3216.0,2007.0,3227.0,176.0,2025-09-20 04:41:13.867046+00:00
275,372,1999.0,3215.0,2014.0,3225.0,150.0,2025-09-20 04:41:13.907046+00:00
276,372,2011.0,3215.0,2022.0,3223.0,88.0,2025-09-20 04:41:13.947046+00:00
277,372,2020.0,3215.0,2029.0,3222.0,63.0,2025-09-20 04:41:13.987046+00:00
278,372,2028.0,3213.0,2036.0,3220.0,56.0,2025-09-20 04:41:14.027046+00:00
279,372,2034.0,3210.0,2046.0,3220.0,120.0,2025-09-20 04:41:14.067046+00:00
280,372,2041.0,3211.0,2056.0,3222.0,165.0,2025-09-20 04:41:14.107046+00:00
281,372,2051.0,3214.0,2065.0,3223.0,126.0,2025-09-20 04:41:14.147046+00:00
282,372,2062.0,3219.0,2070.0,3223.0,32.0,2025-09-20 04:41:14.187046+00:00
283,372,2065.0,3219.0,2082.0,3225.0,102.0,2025-09-20 04:41:14.227046+00:00
284,372,2075.0,3219.0,2090.0,3228.0,135.0,2025-09-20 04:41:14.267046+00:00
285,372,2081.0,3219.0,2097.0,3230.0,176.0,2025-09-20 04:41:14.307046+00:00
286,372,2095.0,3219.0,2105.0,3226.0,70.0,2025-09-20 04:41:14.347046+00:00
287,372,2104.0,3219.0,2112.0,3226.0,56.0,2025-09-20 04:41:14.387046+00:00
288,372,2111.0,3217.0,2122.0,3226.0,99.0,2025-09-20 04:41:14.427046+00:00
289,372,2119.0,3218.0,2132.0,3228.0,130.0,2025-09-20 04:41:14.467046+00:00
290,372,2129.0,3222.0,2141.0,3229.0,84.0,2025-09-20 04:41:14.507046+00:00
291,372,2136.0,3225.0,2144.0,3230.0,40.0,2025-09-20 04:41:14.547046+00:00
292,372,2142.0,3226.0,2157.0,3233.0,105.0,2025-09-20 04:41:14.587046+00:00
482,440,2150.0,3214.0,2160.0,3226.0,120.0,2025-09-20 04:41:22.187046+00:00
483,440,2141.0,3195.0,2160.0,3210.0,285.0,2025-09-20 04:41:22.227046+00:00
484,440,2131.0,3171.0,2160.0,3195.0,696.0,2025-09-20 04:41:22.267046+00:00
491,440,2078.0,3046.0,2160.0,3086.0,3280.0,2025-09-20 04:41:22.547046+00:00
492,440,2075.0,3030.0,2160.0,3069.0,3315.0,2025-09-20 04:41:22.587046+00:00
493,440,2071.0,3015.0,2160.0,3049.0,3026.0,2025-09-20 04:41:22.627046+00:00
494,440,2065.0,2999.0,2160.0,3033.0,3230.0,2025-09-20 04:41:22.667046+00:00
495,440,2061.0,2983.0,2160.0,3016.0,3267.0,2025-09-20 04:41:22.707046+00:00
496,440,2059.0,2968.0,2160.0,2999.0,3131.0,2025-09-20 04:41:22.747046+00:00
497,440,2055.0,2953.0,2160.0,2985.0,3360.0,2025-09-20 04:41:22.787046+00:00
498,440,2052.0,2938.0,2160.0,2965.0,2916.0,2025-09-20 04:41:22.827046+00:00
499,440,2051.0,2923.0,2160.0,2951.0,3052.0,2025-09-20 04:41:22.867046+00:00
500,440,2048.0,2914.0,2103.0,2933.0,1045.0,2025-09-20 04:41:22.907046+00:00
501,440,2048.0,2894.0,2160.0,2914.0,2240.0,2025-09-20 04:41:22.947046+00:00
502,440,2049.0,2878.0,2160.0,2898.0,2220.0,2025-09-20 04:41:22.987046+00:00
503,440,2048.0,2863.0,2160.0,2880.0,1904.0,2025-09-20 04:41:23.027046+00:00
504,440,2047.0,2847.0,2160.0,2864.0,1921.0,2025-09-20 04:41:23.067046+00:00
505,440,2050.0,2830.0,2160.0,2850.0,2200.0,2025-09-20 04:41:23.107046+00:00
506,440,2051.0,2814.0,2160.0,2837.0,2507.0,2025-09-20 04:41:23.147046+00:00
507,440,2053.0,2798.0,2160.0,2820.0,2354.0,2025-09-20 04:41:23.187046+00:00
508,440,2056.0,2778.0,2160.0,2805.0,2808.0,2025-09-20 04:41:23.227046+00:00
509,440,2059.0,2765.0,2090.0,2779.0,434.0,2025-09-20 04:41:23.267046+00:00
510,440,2062.0,2747.0,2160.0,2774.0,2646.0,2025-09-20 04:41:23.307046+00:00
511,440,2066.0,2730.0,2160.0,2759.0,2726.0,2025-09-20 04:41:23.347046+00:00
512,440,2070.0,2711.0,2160.0,2744.0,2970.0,2025-09-20 04:41:23.387046+00:00
513,440,2075.0,2694.0,2160.0,2728.0,2890.0,2025-09-20 04:41:23.427046+00:00
514,440,2082.0,2678.0,2160.0,2713.0,2730.0,2025-09-20 04:41:23.467046+00:00
556,458,2141.0,3195.0,2160.0,3212.0,323.0,2025-09-20 04:41:25.147046+00:00
557,458,2132.0,3175.0,2160.0,3196.0,588.0,2025-09-20 04:41:25.187046+00:00
558,458,2124.0,3154.0,2160.0,3180.0,936.0,2025-09-20 04:41:25.227046+00:00
565,458,2075.0,3030.0,2160.0,3068.0,3230.0,2025-09-20 04:41:25.507046+00:00
566,458,2070.0,3016.0,2160.0,3051.0,3150.0,2025-09-20 04:41:25.547046+00:00
567,458,2065.0,3014.0,2119.0,3033.0,1026.0,2025-09-20 04:41:25.587046+00:00
568,458,2063.0,2985.0,2160.0,3016.0,3007.0,2025-09-20 04:41:25.627046+00:00
569,458,2059.0,2971.0,2160.0,3000.0,2929.0,2025-09-20 04:41:25.667046+00:00
570,458,2056.0,2956.0,2160.0,2983.0,2808.0,2025-09-20 04:41:25.707046+00:00
571,458,2053.0,2941.0,2160.0,2969.0,2996.0,2025-09-20 04:41:25.747046+00:00
572,458,2051.0,2934.0,2106.0,2948.0,770.0,2025-09-20 04:41:25.787046+00:00
573,458,2047.0,2912.0,2160.0,2933.0,2373.0,2025-09-20 04:41:25.827046+00:00
574,458,2049.0,2894.0,2160.0,2916.0,2442.0,2025-09-20 04:41:25.867046+00:00
575,458,2048.0,2878.0,2160.0,2897.0,2128.0,2025-09-20 04:41:25.907046+00:00
576,458,2048.0,2866.0,2160.0,2881.0,1680.0,2025-09-20 04:41:25.947046+00:00
577,458,2048.0,2847.0,2160.0,2866.0,2128.0,2025-09-20 04:41:25.987046+00:00
578,458,2049.0,2834.0,2160.0,2856.0,2442.0,2025-09-20 04:41:26.027046+00:00
579,458,2050.0,2816.0,2160.0,2842.0,2860.0,2025-09-20 04:41:26.067046+00:00
580,458,2053.0,2798.0,2160.0,2822.0,2568.0,2025-09-20 04:41:26.107046+00:00
581,458,2055.0,2782.0,2160.0,2807.0,2625.0,2025-09-20 04:41:26.147046+00:00
582,458,2058.0,2767.0,2089.0,2780.0,403.0,2025-09-20 04:41:26.187046+00:00
583,458,2060.0,2746.0,2160.0,2777.0,3100.0,2025-09-20 04:41:26.227046+00:00
584,458,2065.0,2730.0,2160.0,2760.0,2850.0,2025-09-20 04:41:26.267046+00:00
585,458,2070.0,2714.0,2160.0,2746.0,2880.0,2025-09-20 04:41:26.307046+00:00
586,458,2071.0,2696.0,2160.0,2730.0,3026.0,2025-09-20 04:41:26.347046+00:00
587,458,2080.0,2680.0,2160.0,2713.0,2640.0,2025-09-20 04:41:26.387046+00:00
590,458,2099.0,2629.0,2160.0,2663.0,2074.0,2025-09-20 04:41:26.507046+00:00
628,468,2153.0,3220.0,2160.0,3228.0,56.0,2025-09-20 04:41:28.027046+00:00
629,468,2143.0,3199.0,2160.0,3216.0,289.0,2025-09-20 04:41:28.067046+00:00
630,468,2134.0,3179.0,2160.0,3198.0,494.0,2025-09-20 04:41:28.107046+00:00
631,468,2126.0,3159.0,2160.0,3184.0,850.0,2025-09-20 04:41:28.147046+00:00
637,468,2081.0,3053.0,2160.0,3088.0,2765.0,2025-09-20 04:41:28.387046+00:00
638,468,2076.0,3036.0,2160.0,3071.0,2940.0,2025-09-20 04:41:28.427046+00:00
639,468,2071.0,3018.0,2160.0,3054.0,3204.0,2025-09-20 04:41:28.467046+00:00
640,468,2067.0,3004.0,2160.0,3041.0,3441.0,2025-09-20 04:41:28.507046+00:00
641,468,2063.0,2990.0,2160.0,3020.0,2910.0,2025-09-20 04:41:28.547046+00:00
642,468,2059.0,2973.0,2160.0,3003.0,3030.0,2025-09-20 04:41:28.587046+00:00
643,468,2055.0,2956.0,2160.0,2989.0,3465.0,2025-09-20 04:41:28.627046+00:00
644,468,2051.0,2942.0,2160.0,2971.0,3161.0,2025-09-20 04:41:28.667046+00:00
645,468,2051.0,2928.0,2160.0,2951.0,2507.0,2025-09-20 04:41:28.707046+00:00
646,468,2049.0,2921.0,2105.0,2937.0,896.0,2025-09-20 04:41:28.747046+00:00
647,468,2047.0,2899.0,2160.0,2917.0,2034.0,2025-09-20 04:41:28.787046+00:00
648,468,2046.0,2882.0,2160.0,2904.0,2508.0,2025-09-20 04:41:28.827046+00:00
649,468,2047.0,2868.0,2160.0,2887.0,2147.0,2025-09-20 04:41:28.867046+00:00
650,468,2047.0,2853.0,2160.0,2872.0,2147.0,2025-09-20 04:41:28.907046+00:00
651,468,2049.0,2837.0,2160.0,2857.0,2220.0,2025-09-20 04:41:28.947046+00:00
652,468,2051.0,2818.0,2160.0,2842.0,2616.0,2025-09-20 04:41:28.987046+00:00
653,468,2052.0,2802.0,2160.0,2825.0,2484.0,2025-09-20 04:41:29.027046+00:00
654,468,2055.0,2783.0,2160.0,2810.0,2835.0,2025-09-20 04:41:29.067046+00:00
655,468,2057.0,2767.0,2160.0,2794.0,2781.0,2025-09-20 04:41:29.107046+00:00
656,468,2061.0,2750.0,2160.0,2779.0,2871.0,2025-09-20 04:41:29.147046+00:00
657,468,2062.0,2734.0,2160.0,2764.0,2940.0,2025-09-20 04:41:29.187046+00:00
658,468,2069.0,2718.0,2160.0,2749.0,2821.0,2025-09-20 04:41:29.227046+00:00
659,468,2073.0,2701.0,2160.0,2733.0,2784.0,2025-09-20 04:41:29.267046+00:00
661,468,2082.0,2667.0,2090.0,2675.0,64.0,2025-09-20 04:41:29.347046+00:00
670,468,2156.0,2523.0,2160.0,2528.0,20.0,2025-09-20 04:41:29.707046+00:00
