frame_number,obj_id,x1,y1,x2,y2,bbox_size
53,78914,0,3251,9,3261,90
54,78914,6,3250,20,3261,154
55,78914,16,3255,24,3260,40
56,78914,24,3255,32,3261,48
57,78914,32,3256,40,3262,48
58,78914,33,3257,52,3265,152
59,78914,42,3257,60,3265,144
60,78914,54,3257,67,3264,91
61,78914,63,3254,73,3263,90
62,78914,68,3253,80,3264,132
63,78914,79,3253,87,3264,88
64,78914,87,3254,95,3264,80
65,78914,94,3258,102,3264,48
66,78914,97,3259,110,3266,91
67,78914,106,3259,123,3268,153
68,78914,114,3259,131,3266,119
69,78914,127,3258,138,3264,66
70,78914,130,3254,143,3264,130
71,78914,138,3254,151,3264,130
72,78914,146,3256,158,3265,108
73,78914,159,3259,166,3265,42
74,78914,163,3260,175,3265,60
75,78914,170,3258,188,3268,180
76,78914,178,3260,196,3269,162
77,78914,191,3259,204,3265,78
78,78914,199,3254,208,3264,90
79,78914,206,3254,216,3264,100
80,78914,215,3256,224,3265,81
81,78914,223,3259,232,3265,54
82,78914,232,3258,245,3265,91
83,78914,237,3258,254,3268,170
84,78914,244,3258,261,3268,170
85,78914,254,3257,268,3265,112
86,78914,262,3255,277,3264,135
87,78914,270,3255,285,3265,150
88,78914,278,3254,296,3265,198
89,78914,287,3254,301,3263,126
90,78914,299,3257,308,3263,54
91,78914,303,3256,320,3265,153
92,78914,311,3256,327,3264,128
93,78914,323,3255,335,3263,96
94,78914,332,3254,342,3260,60
95,78914,340,3252,349,3260,72
96,78914,348,3250,360,3260,120
97,78914,356,3251,369,3260,117
98,78914,363,3254,374,3261,77
99,78914,369,3253,386,3261,136
100,78914,379,3253,396,3261,136
101,78914,390,3252,403,3260,104
102,78914,399,3251,410,3256,55
103,78914,405,3248,415,3256,80
104,78914,414,3247,428,3257,140
105,78914,421,3248,436,3257,135
106,78914,431,3251,440,3257,54
107,78914,436,3250,452,3259,144
108,78914,446,3249,463,3260,187
109,78914,454,3248,471,3257,153
110,78914,463,3247,477,3256,126
111,78914,471,3245,483,3256,132
112,78914,477,3242,493,3252,160
113,78914,487,3243,501,3253,140
114,78914,494,3245,510,3252,112
115,78914,502,3246,516,3253,98
116,78914,508,3247,527,3256,171
117,78914,519,3246,537,3256,180
118,78914,529,3246,542,3254,104
119,78914,538,3243,548,3252,90
120,78914,542,3242,556,3252,140
121,78914,551,3240,566,3252,180
122,78914,558,3242,576,3252,180
123,78914,566,3245,580,3253,112
124,78914,566,3245,591,3253,200
125,78914,582,3247,600,3257,180
126,78914,591,3247,607,3257,160
127,78914,600,3247,615,3257,150
128,78914,609,3245,623,3254,126
129,78914,617,3244,629,3254,120
130,78914,624,3244,636,3254,120
131,78914,633,3246,644,3255,99
132,78914,642,3249,653,3255,66
133,78914,646,3249,664,3257,144
134,78914,657,3250,672,3261,165
135,78914,668,3249,680,3260,132
136,78914,676,3247,688,3257,120
137,78914,682,3246,696,3256,140
138,78914,690,3245,707,3256,187
139,78914,699,3247,712,3256,117
140,78914,711,3247,720,3256,81
141,78914,715,3250,726,3256,66
142,78914,727,3251,741,3261,140
143,78914,734,3251,749,3260,135
144,78914,743,3247,756,3257,130
145,78914,751,3247,764,3257,130
146,78914,759,3243,772,3256,169
147,78914,767,3246,785,3260,252
148,78914,777,3247,795,3259,216
149,78914,789,3248,808,3262,266
150,78914,794,3249,814,3264,300
151,78914,804,3252,821,3265,221
152,78914,815,3253,828,3262,117
153,78914,824,3250,836,3261,132
154,78914,832,3247,845,3260,169
155,78914,841,3248,854,3261,169
156,78914,850,3249,863,3261,156
157,78914,864,3255,873,3261,54
158,78914,869,3256,884,3265,135
159,78914,880,3256,893,3268,156
160,78914,889,3254,905,3268,224
161,78914,901,3251,912,3263,132
162,78914,907,3250,921,3263,182
163,78914,916,3251,931,3263,180
164,78914,927,3251,942,3264,195
165,78914,939,3255,951,3264,108
166,78914,948,3256,960,3264,96
167,78914,958,3257,971,3268,143
168,78914,967,3256,980,3265,117
169,78914,979,3254,988,3262,72
170,78914,986,3250,999,3263,169
171,78914,996,3250,1011,3264,210
172,78914,1007,3254,1020,3261,91
173,78914,1019,3255,1030,3261,66
174,78914,1025,3254,1041,3263,144
175,78914,1036,3254,1050,3264,140
176,78914,1046,3253,1060,3261,112
177,78914,1055,3248,1067,3257,108
178,78914,1064,3247,1076,3258,132
179,78914,1072,3244,1087,3256,180
180,78914,1087,3247,1096,3256,81
181,78914,1096,3248,1108,3256,96
182,78914,1103,3246,1121,3256,180
183,78914,1115,3247,1130,3258,165
184,78914,1127,3244,1136,3255,99
185,78914,1136,3240,1146,3249,90
186,78914,1144,3237,1156,3248,132
187,78914,1153,3235,1166,3247,156
188,78914,1164,3236,1175,3247,121
189,78914,1176,3240,1188,3247,84
190,78914,1185,3238,1197,3248,120
191,78914,1195,3238,1206,3248,110
192,78914,1205,3236,1217,3246,120
193,78914,1216,3233,1224,3241,64
194,78914,1223,3229,1232,3239,90
195,78914,1232,3227,1245,3241,182
196,78914,1243,3228,1256,3241,169
197,78914,1255,3231,1263,3239,64
198,78914,1264,3232,1275,3239,77
199,78914,1274,3231,1285,3240,99
200,78914,1283,3231,1294,3239,88
201,78914,1295,3228,1304,3235,63
202,78914,1303,3224,1312,3234,90
203,78914,1311,3221,1324,3233,156
204,78914,1320,3221,1333,3232,143
205,78914,1330,3222,1342,3232,120
206,78914,1343,3223,1355,3232,108
207,78914,1352,3224,1364,3236,144
208,78914,1363,3225,1372,3236,99
209,78914,1373,3224,1383,3232,80
210,78914,1382,3220,1392,3230,100
211,78914,1392,3219,1400,3228,72
212,78914,1401,3217,1412,3229,132
213,78914,1412,3218,1421,3228,90
214,78914,1423,3221,1432,3229,72
215,78914,1431,3222,1442,3231,99
216,78914,1441,3222,1451,3232,100
217,78914,1450,3221,1460,3232,110
218,78914,1461,3219,1470,3228,81
219,78914,1472,3215,1479,3226,77
220,78914,1480,3215,1488,3226,88
221,78914,1489,3215,1500,3226,121
222,78914,1498,3219,1509,3227,88
223,78914,1511,3223,1518,3227,28
224,78914,1519,3223,1529,3228,50
225,78914,1530,3223,1540,3232,90
226,78914,1540,3223,1548,3230,56
227,78914,1551,3221,1558,3228,49
228,78914,1560,3219,1568,3228,72
229,78914,1570,3216,1578,3228,96
230,78914,1580,3219,1589,3229,90
231,78914,1590,3223,1598,3229,48
232,78914,1598,3224,1608,3232,80
233,78914,1610,3225,1618,3235,80
234,78914,1618,3225,1628,3235,100
235,78914,1629,3223,1638,3232,81
236,78914,1639,3221,1647,3233,96
237,78914,1649,3219,1657,3231,96
238,78914,1659,3219,1668,3231,108
239,78914,1667,3224,1677,3232,80
240,78914,1678,3226,1688,3235,90
241,78914,1688,3227,1697,3238,99
242,78914,1695,3227,1708,3238,143
243,78914,1707,3226,1717,3233,70
244,78914,1718,3225,1728,3232,70
245,78914,1728,3222,1736,3232,80
246,78914,1738,3223,1746,3233,80
247,78914,1747,3224,1757,3235,110
248,78914,1756,3227,1765,3238,99
249,78914,1767,3228,1777,3240,120
250,78914,1776,3229,1785,3240,99
251,78914,1785,3227,1794,3238,99
252,78914,1794,3227,1804,3237,100
253,78914,1803,3223,1815,3237,168
254,78914,1813,3223,1824,3235,132
255,78914,1822,3224,1834,3235,132
256,78914,1832,3224,1844,3237,156
257,78914,1843,3229,1852,3239,90
258,78914,1852,3228,1862,3239,110
259,78914,1861,3226,1870,3236,90
260,78914,1871,3223,1879,3232,72
261,78914,1881,3219,1888,3232,91
262,78914,1890,3217,1899,3232,135
263,78914,1900,3218,1909,3232,126
264,78914,1907,3221,1918,3232,121
265,78914,1916,3223,1925,3234,99
266,78914,1924,3221,1936,3235,168
267,78914,1933,3220,1945,3232,144
268,78914,1942,3219,1952,3229,100
269,78914,1951,3214,1960,3224,90
270,78914,1960,3211,1970,3223,120
271,78914,1969,3211,1980,3223,132
272,78914,1975,3216,1986,3224,88
273,78914,1982,3216,1999,3229,221
274,78914,1991,3216,2007,3229,208
275,78914,1999,3215,2014,3225,150
276,78914,2011,3215,2023,3223,96
277,78914,2020,3215,2030,3223,80
278,78914,2028,3213,2037,3221,72
279,78914,2034,3210,2048,3221,154
280,78914,2041,3211,2057,3222,176
281,78914,2051,3214,2065,3223,126
282,78914,2062,3219,2071,3224,45
283,78914,2065,3219,2082,3226,119
284,78914,2075,3219,2092,3229,170
285,78914,2083,3218,2099,3229,176
286,78914,2095,3219,2107,3225,72
287,78914,2104,3219,2113,3225,54
288,78914,2111,3217,2123,3228,132
289,78914,2119,3218,2133,3228,140
290,78914,2128,3221,2140,3228,84
291,78914,2136,3225,2145,3230,45
292,78914,2142,3226,2157,3233,105
293,78914,2151,3227,2159,3236,72
