frame_number,track_id,x,y,w,h
2,0,150.0,288.0,24.0,24.0
2,1,1626.0,288.0,24.0,24.0
2,2,218.0,888.0,24.0,24.0
3,0,156.0,288.0,24.0,24.0
3,1,1620.0,288.0,24.0,24.0
3,2,258.0,888.0,24.0,24.0
4,0,162.0,288.0,24.0,24.0
4,1,1614.0,288.0,24.0,24.0
4,2,298.0,888.0,24.0,24.0
5,0,168.0,288.0,24.0,24.0
5,1,1608.0,288.0,24.0,24.0
5,2,298.0,888.0,24.0,24.0
6,0,174.0,288.0,24.0,24.0
6,1,1602.0,288.0,24.0,24.0
6,2,298.0,888.0,24.0,24.0
7,0,180.0,288.0,24.0,24.0
7,1,1596.0,288.0,24.0,24.0
7,2,298.0,888.0,24.0,24.0
8,0,186.0,288.0,24.0,24.0
8,1,1590.0,288.0,24.0,24.0
8,2,458.0,888.0,24.0,24.0
9,0,192.0,288.0,24.0,24.0
9,1,1584.0,288.0,24.0,24.0
9,2,498.0,888.0,24.0,24.0
10,0,198.0,288.0,24.0,24.0
10,1,1578.0,288.0,24.0,24.0
10,2,538.0,888.0,24.0,24.0
11,0,204.0,288.0,24.0,24.0
11,1,1572.0,288.0,24.0,24.0
11,2,578.0,888.0,24.0,24.0
12,0,210.0,288.0,24.0,24.0
12,1,1566.0,288.0,24.0,24.0
12,2,618.0,888.0,24.0,24.0
13,0,216.0,288.0,24.0,24.0
13,1,1560.0,288.0,24.0,24.0
13,2,658.0,888.0,24.0,24.0
14,0,222.0,288.0,24.0,24.0
14,1,1554.0,288.0,24.0,24.0
14,2,698.0,888.0,24.0,24.0
15,0,228.0,288.0,24.0,24.0
15,1,1548.0,288.0,24.0,24.0
15,2,738.0,888.0,24.0,24.0
16,0,234.0,288.0,24.0,24.0
16,1,1542.0,288.0,24.0,24.0
16,2,778.0,888.0,24.0,24.0
17,0,240.0,288.0,24.0,24.0
17,1,1536.0,288.0,24.0,24.0
17,2,818.0,888.0,24.0,24.0
18,0,246.0,288.0,24.0,24.0
18,1,1530.0,288.0,24.0,24.0
18,2,858.0,888.0,24.0,24.0
19,0,252.0,288.0,24.0,24.0
19,1,1524.0,288.0,24.0,24.0
19,2,898.0,888.0,24.0,24.0
20,0,258.0,288.0,24.0,24.0
20,1,1518.0,288.0,24.0,24.0
20,2,938.0,888.0,24.0,24.0
21,0,264.0,288.0,24.0,24.0
21,1,1512.0,288.0,24.0,24.0
21,2,978.0,888.0,24.0,24.0
22,0,270.0,288.0,24.0,24.0
22,1,1506.0,288.0,24.0,24.0
22,2,1018.0,888.0,24.0,24.0
23,0,276.0,288.0,24.0,24.0
23,1,1500.0,288.0,24.0,24.0
23,2,1058.0,888.0,24.0,24.0
24,0,282.0,288.0,24.0,24.0
24,1,1494.0,288.0,24.0,24.0
24,2,1098.0,888.0,24.0,24.0
25,0,288.0,288.0,24.0,24.0
25,1,1488.0,288.0,24.0,24.0
25,2,1138.0,888.0,24.0,24.0
26,0,294.0,288.0,24.0,24.0
26,1,1482.0,288.0,24.0,24.0
26,2,1178.0,888.0,24.0,24.0
27,0,300.0,288.0,24.0,24.0
27,1,1476.0,288.0,24.0,24.0
27,2,1218.0,888.0,24.0,24.0
28,0,306.0,288.0,24.0,24.0
28,1,1470.0,288.0,24.0,24.0
28,2,1258.0,888.0,24.0,24.0
29,0,312.0,288.0,24.0,24.0
29,1,1464.0,288.0,24.0,24.0
29,2,1298.0,888.0,24.0,24.0
30,0,318.0,288.0,24.0,24.0
30,1,1458.0,288.0,24.0,24.0
30,2,1338.0,888.0,24.0,24.0
31,0,324.0,288.0,24.0,24.0
31,1,1452.0,288.0,24.0,24.0
31,2,1378.0,888.0,24.0,24.0
32,0,330.0,288.0,24.0,24.0
32,1,1446.0,288.0,24.0,24.0
32,2,1418.0,888.0,24.0,24.0
33,0,336.0,288.0,24.0,24.0
33,1,1440.0,288.0,24.0,24.0
33,2,1458.0,888.0,24.0,24.0
34,0,342.0,288.0,24.0,24.0
34,1,1434.0,288.0,24.0,24.0
34,2,1498.0,888.0,24.0,24.0
35,0,348.0,288.0,24.0,24.0
35,1,1428.0,288.0,24.0,24.0
35,2,1538.0,888.0,24.0,24.0
36,0,354.0,288.0,24.0,24.0
36,1,1422.0,288.0,24.0,24.0
36,2,1578.0,888.0,24.0,24.0
37,0,360.0,288.0,24.0,24.0
37,1,1416.0,288.0,24.0,24.0
37,2,1618.0,888.0,24.0,24.0
38,0,366.0,288.0,24.0,24.0
38,1,1410.0,288.0,24.0,24.0
38,2,1658.0,888.0,24.0,24.0
39,0,372.0,288.0,24.0,24.0
39,1,1404.0,288.0,24.0,24.0
39,2,1698.0,888.0,24.0,24.0
40,0,378.0,288.0,24.0,24.0
40,1,1398.0,288.0,24.0,24.0
40,2,1738.0,888.0,24.0,24.0
41,0,384.0,288.0,24.0,24.0
41,1,1392.0,288.0,24.0,24.0
41,2,1778.0,888.0,24.0,24.0
42,0,390.0,288.0,24.0,24.0
42,1,1386.0,288.0,24.0,24.0
42,2,1818.0,888.0,24.0,24.0
43,0,396.0,288.0,24.0,24.0
43,1,1380.0,288.0,24.0,24.0
43,2,1858.0,888.0,24.0,24.0
44,0,402.0,288.0,24.0,24.0
44,1,1374.0,288.0,24.0,24.0
44,2,1898.0,888.0,24.0,24.0
45,0,408.0,288.0,24.0,24.0
45,1,1368.0,288.0,24.0,24.0
45,2,1898.0,888.0,24.0,24.0
46,0,414.0,288.0,24.0,24.0
46,1,1362.0,288.0,24.0,24.0
46,2,1898.0,888.0,24.0,24.0
47,0,420.0,288.0,24.0,24.0
47,1,1356.0,288.0,24.0,24.0
47,2,1898.0,888.0,24.0,24.0
48,0,426.0,288.0,24.0,24.0
48,1,1350.0,288.0,24.0,24.0
48,2,1898.0,888.0,24.0,24.0
49,0,432.0,288.0,24.0,24.0
49,1,1344.0,288.0,24.0,24.0
49,2,1898.0,888.0,24.0,24.0
50,0,438.0,288.0,24.0,24.0
50,1,1338.0,288.0,24.0,24.0
50,2,1898.0,888.0,24.0,24.0
51,0,444.0,288.0,24.0,24.0
51,1,1332.0,288.0,24.0,24.0
51,2,1898.0,888.0,24.0,24.0
52,0,450.0,288.0,24.0,24.0
52,1,1326.0,288.0,24.0,24.0
52,2,1898.0,888.0,24.0,24.0
53,0,456.0,288.0,24.0,24.0
53,1,1320.0,288.0,24.0,24.0
53,2,1898.0,888.0,24.0,24.0
54,0,462.0,288.0,24.0,24.0
54,1,1314.0,288.0,24.0,24.0
54,2,1898.0,888.0,24.0,24.0
55,0,468.0,288.0,24.0,24.0
55,1,1308.0,288.0,24.0,24.0
55,2,1898.0,888.0,24.0,24.0
56,0,474.0,288.0,24.0,24.0
56,1,1302.0,288.0,24.0,24.0
56,2,1898.0,888.0,24.0,24.0
57,0,480.0,288.0,24.0,24.0
57,1,1296.0,288.0,24.0,24.0
57,2,1898.0,888.0,24.0,24.0
58,0,486.0,288.0,24.0,24.0
58,1,1290.0,288.0,24.0,24.0
58,2,1898.0,888.0,24.0,24.0
59,0,492.0,288.0,24.0,24.0
59,1,1284.0,288.0,24.0,24.0
59,2,1898.0,888.0,24.0,24.0
60,0,498.0,288.0,24.0,24.0
60,1,1278.0,288.0,24.0,24.0
60,2,1898.0,888.0,24.0,24.0
61,0,504.0,288.0,24.0,24.0
61,1,1272.0,288.0,24.0,24.0
61,2,1898.0,888.0,24.0,24.0
62,0,510.0,288.0,24.0,24.0
62,1,1266.0,288.0,24.0,24.0
62,2,1898.0,888.0,24.0,24.0
63,0,516.0,288.0,24.0,24.0
63,1,1260.0,288.0,24.0,24.0
63,2,1898.0,888.0,24.0,24.0
64,0,522.0,288.0,24.0,24.0
64,1,1254.0,288.0,24.0,24.0
64,2,1898.0,888.0,24.0,24.0
65,0,528.0,288.0,24.0,24.0
65,1,1248.0,288.0,24.0,24.0
65,2,1898.0,888.0,24.0,24.0
66,0,534.0,288.0,24.0,24.0
66,1,1242.0,288.0,24.0,24.0
66,2,1898.0,888.0,24.0,24.0
67,0,540.0,288.0,24.0,24.0
67,1,1236.0,288.0,24.0,24.0
67,2,1898.0,888.0,24.0,24.0
68,0,546.0,288.0,24.0,24.0
68,1,1230.0,288.0,24.0,24.0
68,2,1898.0,888.0,24.0,24.0
69,0,552.0,288.0,24.0,24.0
69,1,1224.0,288.0,24.0,24.0
69,2,1898.0,888.0,24.0,24.0
70,0,558.0,288.0,24.0,24.0
70,1,1218.0,288.0,24.0,24.0
70,2,1898.0,888.0,24.0,24.0
71,0,564.0,288.0,24.0,24.0
71,1,1212.0,288.0,24.0,24.0
71,2,1898.0,888.0,24.0,24.0
72,0,570.0,288.0,24.0,24.0
72,1,1206.0,288.0,24.0,24.0
72,2,1898.0,888.0,24.0,24.0
73,0,576.0,288.0,24.0,24.0
73,1,1200.0,288.0,24.0,24.0
73,2,1898.0,888.0,24.0,24.0
74,0,582.0,288.0,24.0,24.0
74,1,1194.0,288.0,24.0,24.0
75,0,588.0,288.0,24.0,24.0
75,1,1188.0,288.0,24.0,24.0
76,0,594.0,288.0,24.0,24.0
76,1,1182.0,288.0,24.0,24.0
77,0,600.0,288.0,24.0,24.0
77,1,1176.0,288.0,24.0,24.0
78,0,606.0,288.0,24.0,24.0
78,1,1170.0,288.0,24.0,24.0
79,0,612.0,288.0,24.0,24.0
79,1,1164.0,288.0,24.0,24.0
80,0,618.0,288.0,24.0,24.0
80,1,1158.0,288.0,24.0,24.0
81,0,624.0,288.0,24.0,24.0
81,1,1152.0,288.0,24.0,24.0
82,0,630.0,288.0,24.0,24.0
82,1,1146.0,288.0,24.0,24.0
83,0,636.0,288.0,24.0,24.0
83,1,1140.0,288.0,24.0,24.0
84,0,642.0,288.0,24.0,24.0
84,1,1134.0,288.0,24.0,24.0
85,0,648.0,288.0,24.0,24.0
85,1,1128.0,288.0,24.0,24.0
86,0,654.0,288.0,24.0,24.0
86,1,1122.0,288.0,24.0,24.0
87,0,660.0,288.0,24.0,24.0
87,1,1116.0,288.0,24.0,24.0
88,0,666.0,288.0,24.0,24.0
88,1,1110.0,288.0,24.0,24.0
89,0,672.0,288.0,24.0,24.0
89,1,1104.0,288.0,24.0,24.0
90,0,678.0,288.0,24.0,24.0
90,1,1098.0,288.0,24.0,24.0
91,0,684.0,288.0,24.0,24.0
91,1,1092.0,288.0,24.0,24.0
92,0,690.0,288.0,24.0,24.0
92,1,1086.0,288.0,24.0,24.0
93,0,696.0,288.0,24.0,24.0
93,1,1080.0,288.0,24.0,24.0
94,0,702.0,288.0,24.0,24.0
94,1,1074.0,288.0,24.0,24.0
95,0,708.0,288.0,24.0,24.0
95,1,1068.0,288.0,24.0,24.0
96,0,714.0,288.0,24.0,24.0
96,1,1062.0,288.0,24.0,24.0
97,0,720.0,288.0,24.0,24.0
97,1,1056.0,288.0,24.0,24.0
98,0,726.0,288.0,24.0,24.0
98,1,1050.0,288.0,24.0,24.0
99,0,732.0,288.0,24.0,24.0
99,1,1044.0,288.0,24.0,24.0
100,0,738.0,288.0,24.0,24.0
100,1,1038.0,288.0,24.0,24.0
101,0,744.0,288.0,24.0,24.0
101,1,1032.0,288.0,24.0,24.0
102,0,750.0,288.0,24.0,24.0
102,1,1026.0,288.0,24.0,24.0
103,0,756.0,288.0,24.0,24.0
103,1,1020.0,288.0,24.0,24.0
104,0,762.0,288.0,24.0,24.0
104,1,1014.0,288.0,24.0,24.0
105,0,768.0,288.0,24.0,24.0
105,1,1008.0,288.0,24.0,24.0
106,0,774.0,288.0,24.0,24.0
106,1,1002.0,288.0,24.0,24.0
107,0,780.0,288.0,24.0,24.0
107,1,996.0,288.0,24.0,24.0
108,0,786.0,288.0,24.0,24.0
108,1,990.0,288.0,24.0,24.0
109,0,792.0,288.0,24.0,24.0
109,1,984.0,288.0,24.0,24.0
110,0,798.0,288.0,24.0,24.0
110,1,978.0,288.0,24.0,24.0
111,0,804.0,288.0,24.0,24.0
111,1,972.0,288.0,24.0,24.0
112,0,810.0,288.0,24.0,24.0
112,1,966.0,288.0,24.0,24.0
113,0,816.0,288.0,24.0,24.0
113,1,960.0,288.0,24.0,24.0
114,0,822.0,288.0,24.0,24.0
114,1,954.0,288.0,24.0,24.0
115,0,828.0,288.0,24.0,24.0
115,1,948.0,288.0,24.0,24.0
116,0,834.0,288.0,24.0,24.0
116,1,942.0,288.0,24.0,24.0
117,0,840.0,288.0,24.0,24.0
117,1,936.0,288.0,24.0,24.0
118,0,846.0,288.0,24.0,24.0
118,1,930.0,288.0,24.0,24.0
119,0,852.0,288.0,24.0,24.0
119,1,924.0,288.0,24.0,24.0
120,0,858.0,288.0,24.0,24.0
120,1,918.0,288.0,24.0,24.0
121,0,864.0,288.0,24.0,24.0
121,1,912.0,288.0,24.0,24.0
122,0,870.0,288.0,24.0,24.0
122,1,906.0,288.0,24.0,24.0
123,0,876.0,288.0,24.0,24.0
123,1,900.0,288.0,24.0,24.0
124,0,882.0,288.0,24.0,24.0
124,1,894.0,288.0,24.0,24.0
125,0,888.0,288.0,24.0,24.0
125,1,888.0,288.0,24.0,24.0
126,0,894.0,288.0,24.0,24.0
126,1,882.0,288.0,24.0,24.0
127,0,900.0,288.0,24.0,24.0
127,1,876.0,288.0,24.0,24.0
128,0,906.0,288.0,24.0,24.0
128,1,870.0,288.0,24.0,24.0
129,0,912.0,288.0,24.0,24.0
129,1,864.0,288.0,24.0,24.0
130,0,918.0,288.0,24.0,24.0
130,1,858.0,288.0,24.0,24.0
131,0,924.0,288.0,24.0,24.0
131,1,852.0,288.0,24.0,24.0
132,0,930.0,288.0,24.0,24.0
132,1,846.0,288.0,24.0,24.0
133,0,936.0,288.0,24.0,24.0
133,1,840.0,288.0,24.0,24.0
134,0,942.0,288.0,24.0,24.0
134,1,834.0,288.0,24.0,24.0
135,0,948.0,288.0,24.0,24.0
135,1,828.0,288.0,24.0,24.0
136,0,954.0,288.0,24.0,24.0
136,1,822.0,288.0,24.0,24.0
137,0,960.0,288.0,24.0,24.0
137,1,816.0,288.0,24.0,24.0
138,0,966.0,288.0,24.0,24.0
138,1,810.0,288.0,24.0,24.0
139,0,972.0,288.0,24.0,24.0
139,1,804.0,288.0,24.0,24.0
140,0,978.0,288.0,24.0,24.0
140,1,798.0,288.0,24.0,24.0
141,0,984.0,288.0,24.0,24.0
141,1,792.0,288.0,24.0,24.0
142,0,990.0,288.0,24.0,24.0
142,1,786.0,288.0,24.0,24.0
143,0,996.0,288.0,24.0,24.0
143,1,780.0,288.0,24.0,24.0
144,0,1002.0,288.0,24.0,24.0
144,1,774.0,288.0,24.0,24.0
145,0,1008.0,288.0,24.0,24.0
145,1,768.0,288.0,24.0,24.0
146,0,1014.0,288.0,24.0,24.0
146,1,762.0,288.0,24.0,24.0
147,0,1020.0,288.0,24.0,24.0
147,1,756.0,288.0,24.0,24.0
148,0,1026.0,288.0,24.0,24.0
148,1,750.0,288.0,24.0,24.0
149,0,1032.0,288.0,24.0,24.0
149,1,744.0,288.0,24.0,24.0
